Source,Target,Weight,Correlation
Gov_Investment,Compute_Power,0.3404193052945721,0.3404193052945721
Gov_Investment,AI_Patents,0.9182333249885445,0.9182333249885445
AI_Researchers,AI_Patents,0.6170272638728924,0.6170272638728924
Compute_Power,LLM_Count,0.11937875304497007,0.11937875304497007
AI_Patents,AI_Market_Size,0.49849944264107937,0.49849944264107937
LLM_Count,AI_Market_Size,0.40244866657465583,0.40244866657465583
