Dimension,Current_Gap,Investment_Allocated,Score_Improvement,Current_Score,Projected_Score
Compute,-38.64903114125566,32.70099665978081,56.97481236411878,61.35096885874434,118.32578122286313
Talent,-13.013921334655436,42.87633723829099,31.33970255834321,86.98607866534456,118.32578122368777
Data,-38.562133987854274,32.71292777917782,56.88791541549023,61.437866012145726,118.32578142763595
Algorithm,76.99910204634114,31.709738322750365,99.61236175650323,176.99910204634114,276.61146380284436
