,Gov_Investment,AI_Researchers,Compute_Power,AI_Patents,AI_Market_Size,GDP,Internet_Penetration,LLM_Count
Gov_Investment,1.0,0.7631052156756443,0.340419305294572,0.9182333249885445,0.6535187892358509,0.6943615208926648,-0.08318155099858947,0.7140380786654573
AI_Researchers,0.7631052156756443,1.0,0.8014363742949728,0.6170272638728924,0.7980165966814271,0.9647691478089494,-0.16953299695551266,0.471552319563342
Compute_Power,0.340419305294572,0.8014363742949728,1.0,0.11802511807196678,0.7688688937834679,0.8484698951276431,0.13738047621671964,0.11937875304497007
AI_Patents,0.9182333249885445,0.6170272638728924,0.11802511807196678,1.0,0.49849944264107937,0.5183501784315583,-0.13055297067585894,0.778638567086333
AI_Market_Size,0.6535187892358509,0.7980165966814271,0.7688688937834679,0.49849944264107937,1.0,0.7659186448826079,0.07724582523211973,0.40244866657465583
GDP,0.6943615208926648,0.9647691478089494,0.8484698951276431,0.5183501784315583,0.7659186448826079,1.0,-0.08345527328479789,0.3827008544663372
Internet_Penetration,-0.08318155099858947,-0.16953299695551266,0.13738047621671964,-0.13055297067585894,0.07724582523211973,-0.08345527328479789,1.0,-0.0534276047271119
LLM_Count,0.7140380786654573,0.471552319563342,0.11937875304497007,0.778638567086333,0.40244866657465583,0.3827008544663372,-0.0534276047271119,1.0
