Dimension,USA_Baseline,China_Current,China_Optimized,Improvement,Investment_Allocated
Compute,100,61.35096885874434,118.32578122286313,56.97481236411878,32.70099665978081
Talent,100,86.98607866534456,118.32578122368777,31.33970255834321,42.87633723829099
Data,100,61.437866012145726,118.32578142763595,56.88791541549023,32.71292777917782
Algorithm,100,176.99910204634114,276.61146380284436,99.61236175650323,31.709738322750365
